{"AttackDown":{"Frame0":[19.0,270.0,39.0,247.0],"Frame1":[47.0,273.0,68.0,244.0],"Frame2":[75.0,273.0,95.0,246.0],"Frame3":[105.0,274.0,128.0,245.0],"Frame4":[136.0,272.0,168.0,245.0],"NumFrames":5,"Repeating":false,"SecsPerFrame":0.05000000074505806},"AttackLeft":{"Frame0":[7.0,309.0,23.0,287.0],"Frame1":[30.0,311.0,53.0,287.0],"Frame2":[58.0,313.0,87.0,292.0],"Frame3":[97.0,315.0,128.0,294.0],"Frame4":[140.0,321.0,168.0,293.0],"Frame5":[183.0,324.0,206.0,293.0],"NumFrames":6,"Repeating":false,"SecsPerFrame":0.05000000074505806},"AttackRight":{"Frame0":[219.0,318.0,234.0,297.0],"Frame1":[247.0,318.0,269.0,295.0],"Frame2":[279.0,319.0,308.0,298.0],"Frame3":[308.0,319.0,338.0,298.0],"Frame4":[340.0,325.0,368.0,297.0],"Frame5":[374.0,327.0,397.0,296.0],"NumFrames":6,"Repeating":false,"SecsPerFrame":0.05000000074505806},"AttackUp":{"Frame0":[182.0,276.0,205.0,254.0],"Frame1":[213.0,278.0,236.0,254.0],"Frame2":[243.0,278.0,263.0,246.0],"Frame3":[278.0,279.0,298.0,245.0],"Frame4":[309.0,279.0,338.0,252.0],"Frame5":[346.0,279.0,378.0,256.0],"NumFrames":6,"Repeating":false,"SecsPerFrame":0.05000000074505806},"IdleDown":{"Frame0":[153.0,233.0,169.0,211.0],"NumFrames":1,"Repeating":true,"SecsPerFrame":2.0},"IdleLeft":{"Frame0":[226.0,232.0,245.0,209.0],"NumFrames":1,"Repeating":true,"SecsPerFrame":2.0},"IdleRight":{"Frame0":[173.0,232.0,192.0,209.0],"NumFrames":1,"Repeating":true,"SecsPerFrame":2.0},"IdleUp":{"Frame0":[201.0,232.0,218.0,210.0],"NumFrames":1,"Repeating":true,"SecsPerFrame":2.0},"PullDown":{"Frame0":[28.0,166.0,44.0,146.0],"Frame1":[47.0,166.0,71.0,146.0],"Frame2":[73.0,166.0,101.0,145.0],"NumFrames":3,"Repeating":true,"SecsPerFrame":0.16670000553131104},"PullLeft":{"Frame0":[205.0,166.0,224.0,144.0],"Frame1":[228.0,166.0,249.0,144.0],"Frame2":[253.0,166.0,276.0,144.0],"NumFrames":3,"Repeating":true,"SecsPerFrame":0.16670000553131104},"PullRight":{"Frame0":[285.0,166.0,304.0,144.0],"Frame1":[306.0,166.0,327.0,144.0],"Frame2":[331.0,166.0,353.0,144.0],"NumFrames":3,"Repeating":true,"SecsPerFrame":0.16670000553131104},"PullUp":{"Frame0":[118.0,165.0,134.0,145.0],"Frame1":[139.0,165.0,163.0,145.0],"Frame2":[165.0,165.0,187.0,145.0],"NumFrames":3,"Repeating":true,"SecsPerFrame":0.16670000553131104},"WalkDown":{"Frame0":[205.0,65.0,221.0,43.0],"Frame1":[227.0,65.0,243.0,43.0],"Frame2":[248.0,65.0,264.0,42.0],"Frame3":[270.0,65.0,286.0,41.0],"Frame4":[293.0,65.0,309.0,43.0],"Frame5":[315.0,65.0,331.0,43.0],"Frame6":[337.0,65.0,353.0,42.0],"Frame7":[357.0,65.0,373.0,41.0],"NumFrames":8,"Repeating":true,"SecsPerFrame":0.16670000553131104},"WalkLeft":{"Frame0":[11.0,34.0,32.0,10.0],"Frame1":[36.0,34.0,56.0,10.0],"Frame2":[60.0,34.0,79.0,10.0],"Frame3":[83.0,34.0,102.0,11.0],"Frame4":[105.0,34.0,124.0,11.0],"Frame5":[130.0,34.0,149.0,10.0],"Frame6":[155.0,34.0,173.0,10.0],"Frame7":[177.0,34.0,195.0,11.0],"NumFrames":8,"Repeating":true,"SecsPerFrame":0.16670000553131104},"WalkRight":{"Frame0":[200.0,33.0,216.0,10.0],"Frame1":[221.0,33.0,237.0,9.0],"Frame2":[247.0,33.0,263.0,9.0],"Frame3":[269.0,33.0,286.0,10.0],"Frame4":[293.0,33.0,309.0,10.0],"Frame5":[317.0,33.0,333.0,9.0],"Frame6":[339.0,33.0,355.0,9.0],"Frame7":[360.0,33.0,376.0,10.0],"NumFrames":8,"Repeating":true,"SecsPerFrame":0.16670000553131104},"WalkUp":{"Frame0":[14.0,67.0,30.0,44.0],"Frame1":[36.0,67.0,52.0,43.0],"Frame2":[60.0,67.0,76.0,45.0],"Frame3":[84.0,67.0,100.0,45.0],"Frame4":[108.0,66.0,124.0,43.0],"Frame5":[130.0,66.0,146.0,42.0],"Frame6":[152.0,66.0,168.0,44.0],"Frame7":[175.0,65.0,191.0,43.0],"NumFrames":8,"Repeating":true,"SecsPerFrame":0.16670000553131104}}
