{"SliceRight":{"Frame0":[0.0,1370.0,170.0,1230.0],"Frame1":[190.0,1370.0,330.0,1220.0],"Frame2":[330.0,1370.0,490.0,1220.0],"Frame3":[530.0,1370.0,730.0,1220.0],"Frame4":[770.0,1370.0,970.0,1220.0],"NumFrames":5,"Repeating":false,"SecsPerFrame":0.10000000149011612},"DamageRight":{"Frame0":[0.0,2190.0,110.0,2030.0],"Frame1":[130.0,2170.0,250.0,2020.0],"Frame2":[270.0,2170.0,410.0,2030.0],"Frame3":[450.0,2170.0,580.0,2030.0],"NumFrames":4,"Repeating":false,"SecsPerFrame":0.10000000149011612},"IdleRight":{"Frame0":[0.0,150.0,130.0,0.0],"Frame1":[146.0,150.0,266.0,0.0],"Frame2":[279.0,150.0,416.0,0.0],"Frame3":[416.0,150.0,556.0,0.0],"NumFrames":4,"Repeating":true,"SecsPerFrame":0.10000000149011612},"JumpRight":{"Frame0":[0.0,555.0,130.0,415.0],"Frame1":[130.0,555.0,240.0,420.0],"Frame2":[270.0,550.0,425.0,405.0],"Frame3":[0.0,750.0,175.0,610.0],"Frame4":[0.0,955.0,170.0,800.0],"Frame5":[180.0,950.0,350.0,800.0],"Frame6":[370.0,950.0,530.0,800.0],"NumFrames":7,"Repeating":false,"SecsPerFrame":0.10000000149011612},"KickRight":{"Frame0":[0.0,1570.0,150.0,1420.0],"Frame1":[160.0,1570.0,320.0,1420.0],"Frame2":[320.0,1570.0,480.0,1420.0],"Frame3":[510.0,1570.0,670.0,1420.0],"NumFrames":4,"Repeating":false,"SecsPerFrame":0.10000000149011612},"LandRight":{"Frame0":[0.0,1170.0,170.0,1000.0],"Frame1":[0.0,1170.0,330.0,1000.0],"NumFrames":2,"Repeating":false,"SecsPerFrame":0.10000000149011612},"RunRight":{"Frame0":[0.0,1770.0,130.0,1630.0],"Frame1":[120.0,1770.0,260.0,1630.0],"Frame2":[270.0,1770.0,410.0,1620.0],"Frame3":[390.0,1770.0,540.0,1620.0],"Frame4":[540.0,1770.0,670.0,1630.0],"Frame5":[680.0,1770.0,810.0,1630.0],"Frame6":[820.0,1770.0,960.0,1630.0],"NumFrames":7,"Repeating":true,"SecsPerFrame":0.10000000149011612}