{"SliceRight":
	{"Frame0":[25.0,1370.0,164.0,1206.0],
	"Frame1":[219.0,1370.0,359.0,1218.0],
	"Frame2":[371.0,1370.0,501.0,1222.0],
	"Frame3":[585.0,1370.0,725.0,1232.0],
	"Frame4":[829.0,1370.0,969.0,1232.0],
	"NumFrames":5,
	"Repeating":false,
	"SecsPerFrame":0.15},
"DamageRight":
	{"Frame0":[0.0,2190.0,110.0,2030.0],
	"Frame1":[130.0,2170.0,250.0,2020.0],
	"Frame2":[270.0,2170.0,410.0,2030.0],
	"Frame3":[450.0,2170.0,580.0,2030.0],
	"NumFrames":4,
	"Repeating":false,
	"SecsPerFrame":0.10000000149011612},
"IdleRight":
{
	"Frame0":[0.0,150.0,115.0,0.0],
	"Frame1":[145.0,150.0,260.0,0.0],
	"Frame2":[290.0,150.0,403.0,0.0],
	"Frame3":[440.0,150.0,551.0,0.0],
	"NumFrames":4,
	"Repeating":true,
	"SecsPerFrame":0.175},
"JumpRight":
{
	"Frame0":[0.0,555.0,130.0,415.0],
	"Frame1":[130.0,555.0,240.0,420.0],
	"Frame2":[270.0,550.0,425.0,405.0],
	"Frame3":[0.0,750.0,175.0,610.0],
	"Frame4":[0.0,955.0,170.0,800.0],
	"Frame5":[180.0,950.0,350.0,800.0],
	"Frame6":[370.0,950.0,530.0,800.0],
	"NumFrames":7,
	"Repeating":false,
	"SecsPerFrame":0.10000000149011612},
"KickRight":
{
	"Frame0":[0.0,1570.0,150.0,1420.0],
	"Frame1":[160.0,1570.0,320.0,1420.0],
	"Frame2":[320.0,1570.0,480.0,1420.0],
	"Frame3":[480.0,1570.0,670.0,1420.0],
	"NumFrames":4,
	"Repeating":false,
	"SecsPerFrame":0.200},
"LandRight":
{
	"Frame0":[0.0,1170.0,170.0,1000.0],
	"Frame1":[0.0,1170.0,330.0,1000.0],
	"NumFrames":2,
	"Repeating":false,
	"SecsPerFrame":0.10000000149011612},
"RunRight":
{
	"Frame0":[0.0,1770.0,108.0,1625.0],
	"Frame1":[138.0,1770.0,247.0,1625.0],
	"Frame2":[277.0,1770.0,385.0,1625.0],
	"Frame3":[390.0,1770.0,540.0,1625.0],
	"Frame4":[540.0,1770.0,670.0,1625.0],
	"Frame5":[680.0,1770.0,810.0,1625.0],
	"Frame6":[820.0,1770.0,960.0,1625.0],
	"NumFrames":7,
	"Repeating":true,
	"SecsPerFrame":0.10000000149011612},

"OofRight":
{
	"Frame0":[136.0,2185.0,245.0,2030.0],
	"Frame1":[273.0,2185.0,430.0,2030.0],
	"Frame2":[460.0,2185.0,570.0,2030.0],
	"NumFrames":3,
	"Repeating":false,
	"SecsPerFrame":0.10000000149011612

},




"SliceLeft":
{
	"Frame0":[0.0,3787.0,139.0,3623.0],
	"Frame1":[194.0,3787.0,334.0,3635.0],
	"Frame2":[346.0,3787.0,486.0,3639.0],
	"Frame3":[560.0,3787.0,700.0,3649.0],
	"Frame4":[804.0,3787.0,944.0,3649.0],
	"NumFrames":5,
	"Repeating":false,
	"SecsPerFrame":0.15},
"DamageLeft":
	{"Frame0":[0.0,4607.0,110.0,4447.0],
	"Frame1":[130.0,4587.0,250.0,4447.0],
	"Frame2":[270.0,4587.0,410.0,4447.0],
	"Frame3":[450.0,4587.0,580.0,4447.0],
	"NumFrames":4,
	"Repeating":false,
	"SecsPerFrame":0.10000000149011612},
"IdleLeft":
{
	"Frame0":[0.0,2567.0,115.0,2417.0],
	"Frame1":[145.0,2567.0,260.0,2417.0],
	"Frame2":[290.0,2567.0,403.0,2417.0],
	"Frame3":[440.0,2567.0,551.0,2417.0],
	"NumFrames":4,
	"Repeating":true,
	"SecsPerFrame":0.175},
"JumpLeft":
{
	"Frame0":[0.0,2972.0,130.0,2832.0],
	"Frame1":[130.0,2972.0,240.0,2837.0],
	"Frame2":[270.0,2972.0,425.0,2822.0],
	"Frame3":[0.0,3167.0,175.0,3027.0],
	"Frame4":[0.0,3367.0,170.0,3217.0],
	"Frame5":[180.0,3367.0,350.0,3217.0],
	"Frame6":[370.0,3367.0,530.0,3217.0],
	"NumFrames":7,
	"Repeating":false,
	"SecsPerFrame":0.10000000149011612},
"KickLeft":
{
	"Frame0":[0.0,3987.0,150.0,3837.0],
	"Frame1":[160.0,3987.0,320.0,3837.0],
	"Frame2":[320.0,3987.0,480.0,3837.0],
	"Frame3":[480.0,3987.0,670.0,3837.0],
	"NumFrames":4,
	"Repeating":false,
	"SecsPerFrame":0.200},
"LandLeft":
{
	"Frame0":[0.0,3587.0,170.0,3417.0],
	"Frame1":[0.0,3587.0,330.0,3417.0],
	"NumFrames":2,
	"Repeating":false,
	"SecsPerFrame":0.10000000149011612},
"RunLeft":
{
	"Frame0":[0.0,4187.0,108.0,4042.0],
	"Frame1":[138.0,4187.0,247.0,4042.0],
	"Frame2":[277.0,4187.0,385.0,4042.0],
	"Frame3":[390.0,4187.0,540.0,4042.0],
	"Frame4":[540.0,4187.0,670.0,4042.0],
	"Frame5":[680.0,4187.0,810.0,4042.0],
	"Frame6":[820.0,4187.0,960.0,4042.0],
	"NumFrames":7,
	"Repeating":true,
	"SecsPerFrame":0.10000000149011612},

"OofLeft":
{
	"Frame0":[136.0,4602.0,245.0,4447.0],
	"Frame1":[273.0,4602.0,430.0,4447.0],
	"Frame2":[460.0,4602.0,570.0,4447.0],
	"NumFrames":3,
	"Repeating":false,
	"SecsPerFrame":0.10000000149011612}


}