{"FallRight":{"Frame0":[0.0,552.0,96.0,435.0],"Frame1":[96.0,556.0,193.0,434.0],"Frame2":[193.0,556.0,283.0,434.0],"NumFrames":3,"Repeating":false,"SecsPerFrame":0.20000000298023224},"Idle":{"Frame0":[0.0,110.0,55.0,0.0],"Frame1":[56.0,110.0,110.0,0.0],"Frame2":[111.0,110.0,164.0,0.0],"Frame3":[169.0,110.0,223.0,0.0],"NumFrames":4,"Repeating":true,"SecsPerFrame":0.20000000298023224},"JumpRight":{"Frame0":[0.0,333.0,36.0,223.0],"Frame1":[36.0,328.0,96.0,224.0],"Frame2":[97.0,308.0,166.0,224.0],"Frame3":[0.0,434.0,96.0,333.0],"NumFrames":4,"Repeating":false,"SecsPerFrame":0.20000000298023224},"KickRight":{"Frame0":[0.0,899.0,75.0,789.0],"Frame1":[78.0,899.0,154.0,788.0],"Frame2":[152.0,905.0,238.0,789.0],"Frame3":[259.0,899.0,334.0,789.0],"NumFrames":4,"Repeating":false,"SecsPerFrame":0.20000000298023224},"LandRight":{"Frame0":[0.0,666.0,97.0,556.0],"Frame1":[97.0,640.0,167.0,556.0],"NumFrames":2,"Repeating":false,"SecsPerFrame":0.20000000298023224},"RunRight":{"Frame0":[0.0,1008.0,49.0,905.0],"Frame1":[49.0,1005.0,97.0,905.0],"Frame2":[97.0,1003.0,145.0,905.0],"Frame3":[146.0,1010.0,197.0,905.0],"Frame4":[197.0,1010.0,243.0,905.0],"Frame5":[243.0,1005.0,292.0,905.0],"Frame6":[294.0,1005.0,346.0,905.0],"NumFrames":7,"Repeating":true,"SecsPerFrame":0.20000000298023224},"SliceRight":{"Frame0":[0.0,789.0,80.0,666.0],"Frame1":[105.0,778.0,166.0,666.0],"Frame2":[166.0,775.0,251.0,668.0],"Frame3":[290.0,771.0,395.0,672.0],"Frame4":[444.0,777.0,547.0,677.0],"NumFrames":5,"Repeating":false,"SecsPerFrame":0.20000000298023224},"TurnRight":{"Frame0":[0.0,223.0,66.0,110.0],"Frame1":[67.0,223.0,127.0,110.0],"Frame2":[127.0,222.0,166.0,110.0],"NumFrames":3,"Repeating":false,"SecsPerFrame":0.20000000298023224}}